Product,Layer,Enlight recipe,GeBI (SEM) recipe
TMPD43,CA3PB_AEI2,TMPD43_CA3PB_AEI2,TMPD43_CA3PB_AEI2_G10_ENLIGHT_GEBI
TMPD43,CA3PB_AEI2,TMPD43_CA3PB_AEI2_100,TMPD43_CA3PB_AEI2_G10_ENLIGHT_GEBI
TMPD43,CPOHM_ET,TMPD43_CPOHM_ET,TMPD43_CPOHM_ET_G10_ENLIGHT_GEBI
TMPD43,CPOHM_ET,TMPD43_CPOHM_ET_100,TMPD43_CPOHM_ET_G10_ENLIGHT_GEBI
TMPD43,MGPB_AEI2,TMPD43_MGPB_AEI2,TMPD43_MGPB_AEI2_G10_ENLIGHT_GEBI
TMPD43,MGPB_AEI2,TMPD43_MGPB_AEI2_100,TMPD43_MGPB_AEI2_G10_ENLIGHT_GEBI
TMPD43,CA3_AEI2,TMPD43_CA3_AEI2,TMPD43_CA3_AEI2_G10_ENLIGHT_GEBI
TMPD43,CA3_AEI2,TMPD43_CA3_AEI2_100,TMPD43_CA3_AEI2_G10_ENLIGHT_GEBI
TMPD43,MG1_AEI2,TMPD43_MG1_AEI2,TMPD43_MG1_AEI2_G10_ENLIGHT_GEBI
TMPD43,MG1_AEI2,TMPD43_MG1_AEI2_100,TMPD43_MG1_AEI2_G10_ENLIGHT_GEBI
TMPD43,MG2B_ET,TMPD43_MG2B_ET,TMPD43_MG2B_ET_G10_ENLIGHT_GEBI
TMPD43,MG2B_ET,TMPD43_MG2B_ET_100,TMPD43_MG2B_ET_G10_ENLIGHT_GEBI
TMPD43,MG2B_AEI2,TMPD43_MG2B_AEI2,TMPD43_MG2B_AEI2_G10_ENLIGHT_GEBI
TMPD43,MG2B_AEI2,TMPD43_MG2B_AEI2_100,TMPD43_MG2B_AEI2_G10_ENLIGHT_GEBI
TMPD43,MG2_AEI2,TMPD43_MG2_AEI2,TMPD43_MG2_AEI2_G10_ENLIGHT_GEBI
TMPD43,MG2_AEI2,TMPD43_MG2_AEI2_100,TMPD43_MG2_AEI2_G10_ENLIGHT_GEBI
TMPD43,CA3PB_ET,TMPD43_CA3PB_ET,TMPD43_CA3PB_ET_G10_ENLIGHT_GEBI
TMPD43,CA3PB_ET,TMPD43_CA3PB_ET_100,TMPD43_CA3PB_ET_G10_ENLIGHT_GEBI
TMPD43,CA3_ET,TMPD43_CA3_ET,TMPD43_CA3_ET_G10_ENLIGHT_GEBI
TMPD43,CA3_ET,TMPD43_CA3_ET_100,TMPD43_CA3_ET_G10_ENLIGHT_GEBI
TMPD43,DCA3_ET,TMPD43_DCA3_ET,TMPD43_DCA3_ET_G10_ENLIGHT_GEBI
TMPD43,DCA3_ET,TMPD43_DCA3_ET_100,TMPD43_DCA3_ET_G10_ENLIGHT_GEBI
TMPD43,DCA3_AEI2,TMPD43_DCA3_AEI2,TMPD43_DCA3_AEI2_G10_ENLIGHT_GEBI
TMPD43,DCA3_AEI2,TMPD43_DCA3_AEI2_100,TMPD43_DCA3_AEI2_G10_ENLIGHT_GEBI
TMPD43,MG1_ET,TMPD43_MG1_ET,TMPD43_MG1_ET_G10_ENLIGHT_GEBI
TMPD43,MG1_ET,TMPD43_MG1_ET_100,TMPD43_MG1_ET_G10_ENLIGHT_GEBI
TMPD43,MG2_ET,TMPD43_MG2_ET,TMPD43_MG2_ET_G10_ENLIGHT_GEBI
TMPD43,MG2_ET,TMPD43_MG2_ET_100,TMPD43_MG2_ET_G10_ENLIGHT_GEBI
TMPD43,MGPB_ET,TMPD43_MGPB_ET,TMPD43_MGPB_ET_G10_ENLIGHT_GEBI
TMPD43,MGPB_ET,TMPD43_MGPB_ET_100,TMPD43_MGPB_ET_G10_ENLIGHT_GEBI
TMPD43,CPDHM_ET,TMPD43_CPDHM_ET,TMPD43_CPDHM_ET_G10_ENLIGHT_GEBI
TMPD43,CPDHM_ET,TMPD43_CPDHM_ET_100,TMPD43_CPDHM_ET_G10_ENLIGHT_GEBI
TMPD43,CPD1_ET,TMPD43_CPD1_ET,TMPD43_CPDHM_ET_G10_ENLIGHT_GEBI
TMPD43,CPD1_ET,TMPD43_CPD1_ET_100,TMPD43_CPDHM_ET_G10_ENLIGHT_GEBI
TMQN98,CA3PB_AEI2,TMQN98_CA3PB_AEI2,TMQN98_CA3PB_AEI2_G10_ENLIGHT_GEBI
TMQN98,CA3PB_AEI2,TMQN98_CA3PB_AEI2_100,TMQN98_CA3PB_AEI2_G10_ENLIGHT_GEBI
TMQN98,CPOHM_ET,TMQN98_CPOHM_ET,TMQN98_CPOHM_ET_G10_ENLIGHT_GEBI
TMQN98,CPOHM_ET,TMQN98_CPOHM_ET_100,TMQN98_CPOHM_ET_G10_ENLIGHT_GEBI
TMQN98,MGPB_AEI2,TMQN98_MGPB_AEI2,TMQN98_MGPB_AEI2_G10_ENLIGHT_GEBI
TMQN98,MGPB_AEI2,TMQN98_MGPB_AEI2_100,TMQN98_MGPB_AEI2_G10_ENLIGHT_GEBI
TMQN98,CA3_AEI2,TMQN98_CA3_AEI2,TMQN98_CA3_AEI2_G10_ENLIGHT_GEBI
TMQN98,CA3_AEI2,TMQN98_CA3_AEI2_100,TMQN98_CA3_AEI2_G10_ENLIGHT_GEBI
TMQN98,MG1_AEI2,TMQN98_MG1_AEI2,TMQN98_MG1_AEI2_G10_ENLIGHT_GEBI
TMQN98,MG1_AEI2,TMQN98_MG1_AEI2_100,TMQN98_MG1_AEI2_G10_ENLIGHT_GEBI
TMQN98,MG2B_ET,TMQN98_MG2B_ET,TMQN98_MG2B_ET_G10_ENLIGHT_GEBI
TMQN98,MG2B_ET,TMQN98_MG2B_ET_100,TMQN98_MG2B_ET_G10_ENLIGHT_GEBI
TMQN98,MG2B_AEI2,TMQN98_MG2B_AEI2,TMQN98_MG2B_AEI2_G10_ENLIGHT_GEBI
TMQN98,MG2B_AEI2,TMQN98_MG2B_AEI2_100,TMQN98_MG2B_AEI2_G10_ENLIGHT_GEBI
TMQN98,MG2_AEI2,TMQN98_MG2_AEI2,TMQN98_MG2_AEI2_G10_ENLIGHT_GEBI
TMQN98,MG2_AEI2,TMQN98_MG2_AEI2_100,TMQN98_MG2_AEI2_G10_ENLIGHT_GEBI
TMQN98,CA3PB_ET,TMQN98_CA3PB_ET,TMQN98_CA3PB_ET_G10_ENLIGHT_GEBI
TMQN98,CA3PB_ET,TMQN98_CA3PB_ET_100,TMQN98_CA3PB_ET_G10_ENLIGHT_GEBI
TMQN98,CA3_ET,TMQN98_CA3_ET,TMQN98_CA3_ET_G10_ENLIGHT_GEBI
TMQN98,CA3_ET,TMQN98_CA3_ET_100,TMQN98_CA3_ET_G10_ENLIGHT_GEBI
TMQN98,DCA3_ET,TMQN98_DCA3_ET,TMQN98_DCA3_ET_G10_ENLIGHT_GEBI
TMQN98,DCA3_ET,TMQN98_DCA3_ET_100,TMQN98_DCA3_ET_G10_ENLIGHT_GEBI
TMQN98,DCA3_AEI2,TMQN98_DCA3_AEI2,TMQN98_DCA3_AEI2_G10_ENLIGHT_GEBI
TMQN98,DCA3_AEI2,TMQN98_DCA3_AEI2_100,TMQN98_DCA3_AEI2_G10_ENLIGHT_GEBI
TMQN98,MG1_ET,TMQN98_MG1_ET,TMQN98_MG1_ET_G10_ENLIGHT_GEBI
TMQN98,MG1_ET,TMQN98_MG1_ET_100,TMQN98_MG1_ET_G10_ENLIGHT_GEBI
TMQN98,MG2_ET,TMQN98_MG2_ET,TMQN98_MG2_ET_G10_ENLIGHT_GEBI
TMQN98,MG2_ET,TMQN98_MG2_ET_100,TMQN98_MG2_ET_G10_ENLIGHT_GEBI
TMQN98,MGPB_ET,TMQN98_MGPB_ET,TMQN98_MGPB_ET_G10_ENLIGHT_GEBI
TMQN98,MGPB_ET,TMQN98_MGPB_ET_100,TMQN98_MGPB_ET_G10_ENLIGHT_GEBI
TMQN98,CPDHM_ET,TMQN98_CPDHM_ET,TMQN98_CPDHM_ET_G10_ENLIGHT_GEBI
TMQN98,CPDHM_ET,TMQN98_CPDHM_ET_100,TMQN98_CPDHM_ET_G10_ENLIGHT_GEBI
TMQN98,CA3_AOE,TMQN98_CA3_AOE,TMQN98_CA3_AOE_G10_ENLIGHT_GEBI
TMQN98,CA3_AOE,TMQN98_CA3_AOE_100,TMQN98_CA3_AOE_G10_ENLIGHT_GEBI
TMQN98,CA3_STRIP,TMQN98_CA3_STRIP,TMQN98_CA3_STRIP_G10_ENLIGHT_GEBI
TMQN98,CA3_STRIP,TMQN98_CA3_STRIP_100,TMQN98_CA3_STRIP_G10_ENLIGHT_GEBI
TMQN98,CA3_ASI,TMQN98_CA3_ASI,TMQN98_CA3_ASI_G10_ENLIGHT_GEBI
TMQN98,CA3_ASI,TMQN98_CA3_ASI_100,TMQN98_CA3_ASI_G10_ENLIGHT_GEBI
TMQE98,CA3PB_AEI2,TMQE98_CA3PB_AEI2_100,TMQE98_CA3PB_AEI2_G10_ENLIGHT_GEBI
TMQE98,CPOHM_ET,TMQE98_CPOHM_ET_100,TMQE98_CPOHM_ET_G10_ENLIGHT_GEBI
TMQE98,MGPB_AEI2,TMQE98_MGPB_AEI2_100,TMQE98_MGPB_AEI2_G10_ENLIGHT_GEBI
TMQE98,CA3_AEI2,TMQE98_CA3_AEI2_100,TMQE98_CA3_AEI2_G10_ENLIGHT_GEBI
TMQE98,MG1_AEI2,TMQE98_MG1_AEI2_100,TMQE98_MG1_AEI2_G10_ENLIGHT_GEBI
TMQE98,MG2B_ET,TMQE98_MG2B_ET_100,TMQE98_MG2B_ET_G10_ENLIGHT_GEBI
TMQE98,MG2B_AEI2,TMQE98_MG2B_AEI2_100,TMQE98_MG2B_AEI2_G10_ENLIGHT_GEBI
TMQE98,MG2_AEI2,TMQE98_MG2_AEI2_100,TMQE98_MG2_AEI2_G10_ENLIGHT_GEBI
TMQE98,CA3PB_ET,TMQE98_CA3PB_ET_100,TMQE98_CA3PB_ET_G10_ENLIGHT_GEBI
TMQE98,CA3_ET,TMQE98_CA3_ET_100,TMQE98_CA3_ET_G10_ENLIGHT_GEBI
TMQE98,DCA3_ET,TMQE98_DCA3_ET_100,TMQE98_DCA3_ET_G10_ENLIGHT_GEBI
TMQE98,DCA3_AEI2,TMQE98_DCA3_AEI2_100,TMQE98_DCA3_AEI2_G10_ENLIGHT_GEBI
TMQE98,MG1_ET,TMQE98_MG1_ET_100,TMQE98_MG1_ET_G10_ENLIGHT_GEBI
TMQE98,MG2_ET,TMQE98_MG2_ET_100,TMQE98_MG2_ET_G10_ENLIGHT_GEBI
TMQE98,MGPB_ET,TMQE98_MGPB_ET_100,TMQE98_MGPB_ET_G10_ENLIGHT_GEBI
TMQE98,CPDHM_ET,TMQE98_CPDHM_ET_100,TMQE98_CPDHM_ET_G10_ENLIGHT_GEBI
Adrien_OTW_Enlight_GEBI_FF,Right,OR8_Export_Filtered_KLARF_Qual_10_2_v2,13350_Recipe1_GEBI
TMQG36,CA3PB_AEI2,TMQG36_CA3PB_AEI2,TMQG36_CA3PB_AEI2_ENLIGHT_GEBI