Fulltextpath,sourcesize,rawsize
C:\Users\x0150217\Downloads\connectorframework\00000071_physical-sciences-and-engineering-engineering-backfile-xocs_1\pii_0003682X8990011X.xml.xml,258455,75525
C:\Users\x0150217\Downloads\connectorframework\00000071_physical-sciences-and-engineering-engineering-backfile-xocs_1\pii_0003682X86900241.xml,27752,9231
C:\Users\x0150217\Downloads\connectorframework\00000071_physical-sciences-and-engineering-engineering-backfile-xocs_1\pii_S0022247X2301017X.xml,47810,22323
C:\Users\x0150217\Downloads\connectorframework\00000071_physical-sciences-and-engineering-engineering-backfile-xocs_1\pii_S0020169323004619.xml,159452,71516C:\Users\x0150217\Downloads\xml_files_data\pii_0004370284900195.xml
C:\Users\x0150217\Downloads\xml_files_data\pii_000368709090229Q.xml
